VfBHSwC5Vz_pbFluy07i9Q,My girlfriend and I stayed here for 3 nights and loved it.,null,1,1
VfBHSwC5Vz_pbFluy07i9Q,The location of this hotel and very decent price makes this an amazing deal.,"location, price",1,1
VfBHSwC5Vz_pbFluy07i9Q,"When you walk out the front door Scott Monument and Princes street are right in front of you, Edinburgh Castle and the Royal Mile is a 2 minute walk via a close right around the corner, and there are so many hidden gems nearby including Calton Hill and the newly opened Arches that made this location incredible.",location,0,1
VfBHSwC5Vz_pbFluy07i9Q,"The hotel itself was also very nice with a reasonably priced bar, very considerate staff, and small but comfortable rooms with excellent bathrooms and showers.","price, service, amenities",0,1
VfBHSwC5Vz_pbFluy07i9Q,"Only two minor complaints are no telephones in room for room service (not a huge deal for us) and no AC in the room, but they have huge windows which can be fully opened.",amenities,0,1
VfBHSwC5Vz_pbFluy07i9Q,"The staff were incredible though, letting us borrow umbrellas for the rain, giving us maps and directions, and also when we had lost our only UK adapter for charging our phones gave us a very fancy one for free.",service,0,1
VfBHSwC5Vz_pbFluy07i9Q,"I would highly recommend this hotel to friends, and when I return to Edinburgh (which I most definitely will) I will be staying here without any hesitation.",null,1,1
3zRpneRKDsOPq92tq7ybAA,If you need an inexpensive place to stay for a night or two then you may consider this place but for a longer stay I'd recommend somewhere with better amenities.,price,0,1
3zRpneRKDsOPq92tq7ybAA,"Pros:Great location- you're right by the train station, central location to get to old town and new town, and right by sight seeing his tours.",location,1,1
3zRpneRKDsOPq92tq7ybAA,"Food, bars, and shopping all within walking distance.",location,0,1
3zRpneRKDsOPq92tq7ybAA,"Location, location, location.",location,0,1
3zRpneRKDsOPq92tq7ybAA,"Very clean and very good maid serviceCons:Tiny rooms Uncomfortable bed Absolutely no amenities No phone in room No wardrobe Was given a lot of attitude about me and my husband sharing a room which was quite strange and we were charged 15 pounds more for double occupancy not sure why that matters I felt like it was a money grab.",environment,1,1
3zRpneRKDsOPq92tq7ybAA,It was just handled in a kind of odd manner to me...,null,0,1
3zRpneRKDsOPq92tq7ybAA,"If you book this hotel all you get is a bed, desk, and a bathroom.",amenities,0,1
3zRpneRKDsOPq92tq7ybAA,It isn't awful but know what you're getting into.,null,0,1
llmdwOgDReucVoWEry61Lw,Location is everything and this hotel has it!,location,0,1
llmdwOgDReucVoWEry61Lw,The reception is inviting and open 24 hours.,service,0,1
llmdwOgDReucVoWEry61Lw,They are very helpful and have a lot of patience answering all my questions about where to go etc.,service,0,1
llmdwOgDReucVoWEry61Lw,there is also a lounge open 24 hours with snack-type food.,amenities,0,1
llmdwOgDReucVoWEry61Lw,Breakfast is continental-style so if you want heartier fare look elsewhere though you don't have to go far.,food,0,1
llmdwOgDReucVoWEry61Lw,The bus and train stations are right across the street so it's easy access to the airport or anywhere else you may want to go.,location,0,1
llmdwOgDReucVoWEry61Lw,Turn uphill to old town or cross the bridge to new town.,location,0,1
llmdwOgDReucVoWEry61Lw,The room with a view i got was spacious and comfortable though it's a bit of a maze to find it-just follow the signs.,environment,0,1
llmdwOgDReucVoWEry61Lw,The windows are double paned so the room is quiet plus i was on the 5th floor which helps.,environment,0,1
llmdwOgDReucVoWEry61Lw,It's a bit pricey but still one of the best values i found!,price,0,1
lGEl24NGj2HVBJrodeXcjg,"Beautiful space, great location, staff rock.","environment, location, service",0,0
lGEl24NGj2HVBJrodeXcjg,"Tiny room, but this was expected.","environment, amenities",0,0
lGEl24NGj2HVBJrodeXcjg,Bathroom amazing.,"environment, amenities",1,0
lGEl24NGj2HVBJrodeXcjg,"Walls, however, paper thin, which is why I can barely string a sentence together in this review.",amenities,0,0
cUgvEy5wj7zYE68v1BzzVg,This is a fairly new property I think.,amenities,0,0
cUgvEy5wj7zYE68v1BzzVg,It is a German company and has most of the amenities you would want.,amenities,0,0
cUgvEy5wj7zYE68v1BzzVg,It is priced on the budget minded side so it won't break your bank.,price,0,0
cUgvEy5wj7zYE68v1BzzVg,Location is really good.,location,1,0
cUgvEy5wj7zYE68v1BzzVg,Near the Royal Mile and Waverley station without being too noisy.,environment,0,0
cUgvEy5wj7zYE68v1BzzVg,Very easy to walk to everything we wanted to do.,location,0,0
cUgvEy5wj7zYE68v1BzzVg,Has WiFi but we did have to re-log in every day.,amenities,0,0
FSB_BnvysBgH3JYrbFNcgw,First time at this group of hotels.,null,0,0
FSB_BnvysBgH3JYrbFNcgw,"Pretty new, only one in UK, another to open in Edinburgh and one in London.","environment, amenities",0,0
FSB_BnvysBgH3JYrbFNcgw,Rooms not very big but great price and location for a weekend in Edinburgh.,"environment, price, location",0,0
FSB_BnvysBgH3JYrbFNcgw,"Rooms clean, comfortable, good shower and free wifi!","environment, amenities",0,0
dhl3ZW9aAEX_T7_um5tfaQ,Location location location!,location,0,0
dhl3ZW9aAEX_T7_um5tfaQ,Motel One is just right in the middle of everything.,location,0,0
dhl3ZW9aAEX_T7_um5tfaQ,To one side you have the New town and the main trains station ( and right in front of the airport bus)  and on the other side the beautiful old town of Edinburg.,location,0,0
dhl3ZW9aAEX_T7_um5tfaQ,The room was small but clean and with all you need.,environment,0,0
dhl3ZW9aAEX_T7_um5tfaQ,The bathroom was also small but nice and clean and the shower was big and good!,"environment, amenities",0,0
dhl3ZW9aAEX_T7_um5tfaQ,Next to the bed there is a European plug (CC 7/7) so we actually didn't need to use our adapter.,amenities,0,0
dhl3ZW9aAEX_T7_um5tfaQ,"The beed was to hard for my back and I prefer the bed more soft, but I will still come back to Edinburgh and Motel One.",amenities,0,0
JQJvnM3p-3eML05eKcTgiw,A hotel that has all the basics that you'd need - no additional fuss.,amenities,0,0
JQJvnM3p-3eML05eKcTgiw,"For the price we paid, I'd say this place is actually pretty good value.",price,0,0
JQJvnM3p-3eML05eKcTgiw,The location is super central and it's easy to get to everywhere from here!,location,0,0
JQJvnM3p-3eML05eKcTgiw,"It's also right next to the airport shuttle bus and train station, so transport is also easy.",location,0,0
JQJvnM3p-3eML05eKcTgiw,The insides is a bit of a maze depending on where your room is located - you may have to go down to go up to go back down again to get to your room!,environment,0,0
JQJvnM3p-3eML05eKcTgiw,"But no bother, it's good for walking off the chips and sobering from your drinks.",environment,0,0
fbVYETRuWDw8QnpimpGMpg,"Well, i like the idea of Motel One.",null,1,0
fbVYETRuWDw8QnpimpGMpg,"Always in the center of the city, somehow modern design, good beds.","location, environment, amenities",0,0
fbVYETRuWDw8QnpimpGMpg,No fancy unnecessary stuff.,service,0,0
fbVYETRuWDw8QnpimpGMpg,All of this is true for this motel one in Edinburgh.,null,0,0
fbVYETRuWDw8QnpimpGMpg,Perfectly located even if it's hard to discover.,location,0,0
fbVYETRuWDw8QnpimpGMpg,"Breakfast is ok, but not more.",food,0,0
fbVYETRuWDw8QnpimpGMpg,Service is friendly.,service,0,0
fbVYETRuWDw8QnpimpGMpg,No twin rooms available..,"environment, amenities",0,0
ysfjtAWreLoy7um8WTb8xA,Motel One sets the standard for budget hotels.,price,0,0
ysfjtAWreLoy7um8WTb8xA,"I stayed at the Dusseldorf branch a while ago so when I saw one in Edinburgh, I knew this was the place to book.",null,0,0
ysfjtAWreLoy7um8WTb8xA,We managed to get a reservation during the Edinburgh Fringe Festival and only booked a few weeks before.,null,0,0
ysfjtAWreLoy7um8WTb8xA,"We did pay a premium over the normal rate but given the crowds in the city during this time, it was still a good deal compared to other hotels.",price,0,0
ysfjtAWreLoy7um8WTb8xA,"Staff were all friendly and welcoming, presentable and professional.",service,0,0
ysfjtAWreLoy7um8WTb8xA,We received a room upgrade with quite a large room overlooking the bridge crossing Waverley station to Princes St.,"environment, amenities",0,0
ysfjtAWreLoy7um8WTb8xA,"Despite overlooking a busy road, the room was almost silent thanks to solid double glazing.",environment,0,0
ysfjtAWreLoy7um8WTb8xA,The room temperature was perfectly controlled with an individual A/C unit.,"environment, amenities",0,0
ysfjtAWreLoy7um8WTb8xA,"Super clean, modern, uncluttered.",environment,0,0
ysfjtAWreLoy7um8WTb8xA,Bathroom was similar.,"environment, amenities",0,0
ysfjtAWreLoy7um8WTb8xA,No slamming doors or noise in the night.,"environment, amenities",0,0
ysfjtAWreLoy7um8WTb8xA,Bonus.,null,0,0
ysfjtAWreLoy7um8WTb8xA,Free wifi that works with one log in (doesn't require repeated log ins as some places do) and had decent signal strength.,amenities,0,0
ysfjtAWreLoy7um8WTb8xA,"The buffet continental breakfast was also a hit with fresh croissants, danishes, cold cuts, cheese, toast, fruit and yoghurt all well presented, fresh and good quality as was the coffee.",food,0,0
ysfjtAWreLoy7um8WTb8xA,"If I am looking for a reasonable hotel in a city, Motel One will be by first choice.",null,1,0
ByRzJ8rF2KJWLr-cUNU6EA,"This place is horrible, we were so excited to try it since I got a gift card for my birthday.",null,1,0
ByRzJ8rF2KJWLr-cUNU6EA,"We went in an ordered are whole meal and they did not except are gift card, because their system was down.","service, amenities",0,0
ByRzJ8rF2KJWLr-cUNU6EA,"Unacceptable, this would have been so helpful if we would have known this prior!",service,0,0
ByRzJ8rF2KJWLr-cUNU6EA,!,null,0,0
i5UwUPlQFPLcE8p2gPFwBw,"For being fairly ""fast"" food.. Pei Wei (pronounced pay way I confirmed haha) is pretty darn good.",null,1,0
i5UwUPlQFPLcE8p2gPFwBw,we got a few things to share.,null,0,0
i5UwUPlQFPLcE8p2gPFwBw,I had the Asian chicken salad and was impressed!,food,1,0
i5UwUPlQFPLcE8p2gPFwBw,There was a decent amount of chicken.,food,0,0
i5UwUPlQFPLcE8p2gPFwBw,"Some more veggies would be nice, but overall pretty good.",food,0,0
i5UwUPlQFPLcE8p2gPFwBw,The steak teriyaki was great as well as the fried rice.,food,1,0
i5UwUPlQFPLcE8p2gPFwBw,Over all good was good!,null,1,0
i5UwUPlQFPLcE8p2gPFwBw,"Nice, clean, and reasonable.",environment,1,0
EyQyvTTg2jX4or9bB8PC9g,"I decided to try it out, I'm celiac and therefore can only eat gluten free...",food,0,0
EyQyvTTg2jX4or9bB8PC9g,They have an easy to understand GF Menu with anything you can possibly want.,amenities,0,0
EyQyvTTg2jX4or9bB8PC9g,I placed my order online and picked the exact pickup time.,service,0,0
EyQyvTTg2jX4or9bB8PC9g,I cam and my food was ready for me.,service,0,0
EyQyvTTg2jX4or9bB8PC9g,Driving home the smell in my car was so good I could barely wait to get home and try it - true umami!,food,0,0
EyQyvTTg2jX4or9bB8PC9g,I got home and dug into the delicious spicy chicken and rice with sugar snapies and carrots.,food,0,0
EyQyvTTg2jX4or9bB8PC9g,It was superb!,null,1,0
EyQyvTTg2jX4or9bB8PC9g,For $9 I will definitely try this again!,price,1,0
EyQyvTTg2jX4or9bB8PC9g,"I did see a huge line at the store, so try doing an online order and pickup forsure!",service,0,0
EyQyvTTg2jX4or9bB8PC9g,p.s.,null,0,0
EyQyvTTg2jX4or9bB8PC9g,they even include GF soy sauce!,amenities,0,0
G-EFA005besj5uHsH0sQFA,"I'm not saying Pei Wei is the best asian food I've ever tasted, far from it, it's a fairly large chain that puts on the appearance of something more refined, it's essentially to Asian food what Olive Garden is to Italian Food.",environment,0,1
G-EFA005besj5uHsH0sQFA,"With that said I've always had pretty good experiences with Pei Wei, the food although not spectacular is better than some of the overcooked chicken drowning in MSG offered by some of the local chinese restaurants.",food,0,1
G-EFA005besj5uHsH0sQFA,"the portions are good sized, the food is generally consistent, and the prices are really reasonable considering this is a corporate chain in some cases cheaper than the local establishments.","food, price",0,1
G-EFA005besj5uHsH0sQFA,"or dare I say it's name ""panda express"" (which is overpriced crap)the time before last that I went they forgot the tomato's and the dressing for an asian chopped chicken salad that my wife ordered, I didn't discover that the dressing was missing until I got home, I immediately called the restaurant and was speaking to a manager within 30 seconds.",food,0,1
G-EFA005besj5uHsH0sQFA,The manager apologized and asked me If I would like to come back to the restaurant or if he could have my address so he could send me a gift certificate.,service,0,1
G-EFA005besj5uHsH0sQFA,"I decided to go back to the restaurant, when I got the restaurant I told the person at the counter my name and they already had a bag set aside for me, the manager came over and explained to me there was another full salad in the bag, and he put additional dressing for the salad we already had, and additionally he gave me a coupon for free lettuce wraps.",service,0,1
G-EFA005besj5uHsH0sQFA,"(which mental note: I need to use)I must say I was impressed with this manager, and it was refreshing after being in situations where a manager has taken back the bag/plate and essentially ""un-F$@k's"" your food and returns it to you.",null,0,1
G-EFA005besj5uHsH0sQFA,"Overall great customer service, consistent food, and a good option for takeout in surprise.","service, food",1,1
6PcJSGUBSLjt4VLXos5C4A,Sometimes the food is spot on and delicious and other times it is quite salty at this location.,food,0,1
6PcJSGUBSLjt4VLXos5C4A,Very difficult to get a consistently good meal.,food,0,1
6PcJSGUBSLjt4VLXos5C4A,Menu items add up quickly.,amenities,0,1
PFJmyZD_lNBa_Y3kbX1VvA,Decent customer service but the food was awful.,"service, food",1,1
PFJmyZD_lNBa_Y3kbX1VvA,It was cold and had no sauce at all.,food,0,1
PFJmyZD_lNBa_Y3kbX1VvA,I was expecting it to be good but this place really went down hill.,null,1,1
PFJmyZD_lNBa_Y3kbX1VvA,I will never eat here again.,null,1,1
_Qv1FQUToLrKMuG6pV4Gzw,Super clean restaurant and friendly staff.,"environment, service",1,1
_Qv1FQUToLrKMuG6pV4Gzw,FRESH food.,food,1,1
_Qv1FQUToLrKMuG6pV4Gzw,Hasn't been sitting under heat lamps.,amenities,0,1
_Qv1FQUToLrKMuG6pV4Gzw,"NO MSG, this is the good stuff.",food,0,1
_Qv1FQUToLrKMuG6pV4Gzw,I have to have the Kung Pao Chicken weekly.,food,1,1
s2mlqrFNaPEGtcnEu3EJ4Q,Found this the other night.,null,0,1
s2mlqrFNaPEGtcnEu3EJ4Q,It is the PF Chang fast food option and it worked perfectly for us.,food,0,1
s2mlqrFNaPEGtcnEu3EJ4Q,"Limited menu, but lower prices.","amenities, price",0,1
s2mlqrFNaPEGtcnEu3EJ4Q,"Very basic decor, but clean and fast seating.","environment, amenities",0,1
s2mlqrFNaPEGtcnEu3EJ4Q,Lettuce Wraps just as good as Chang's.,food,0,1
s2mlqrFNaPEGtcnEu3EJ4Q,"Very busy, especially the take out.",service,0,1
s2mlqrFNaPEGtcnEu3EJ4Q,Glad to have it close,null,1,1
oiSzZRrbi3y01_wqU528ZQ,"The staff here is great and they're nice,  wonderful and quick.",service,0,1
oiSzZRrbi3y01_wqU528ZQ,"People were ranting in raving about pei wei, I had to try it.",null,0,1
oiSzZRrbi3y01_wqU528ZQ,Even good yelp reviews.,null,0,1
oiSzZRrbi3y01_wqU528ZQ,I'm highly dissatisfied with the flavor of the food.,food,1,1
oiSzZRrbi3y01_wqU528ZQ,This  should be labeled Asian inspired and not Asian.,null,0,1
oiSzZRrbi3y01_wqU528ZQ,"I've tried a variety of Chinese restaurants, this doesn't taste close to anything I've had at other Asian restaurants.",food,0,1
oiSzZRrbi3y01_wqU528ZQ,Their Mongolian beef  was 5 pieces of beef and large mushrooms cut into thirds in a thick sauce.,food,0,1
oiSzZRrbi3y01_wqU528ZQ,You eat the rice to wash off the nasty flavor.,food,1,1
oiSzZRrbi3y01_wqU528ZQ,My shrimp was thickly coated in an overpowering  sauce as well.,food,0,1
oiSzZRrbi3y01_wqU528ZQ,I only ate some of the veggies that take center stage on a meat dish.,food,0,1
oiSzZRrbi3y01_wqU528ZQ,The center of my pork egg roll was cold.,food,0,1
oiSzZRrbi3y01_wqU528ZQ,The hot N sour soup was a much thicker consistency almost like that of a chili instead of being brothy.,food,0,1
oiSzZRrbi3y01_wqU528ZQ,Worst of all was the price.,price,1,1
oiSzZRrbi3y01_wqU528ZQ,This was not worth it to us.,null,1,1
oiSzZRrbi3y01_wqU528ZQ,Neither me or my husband enjoyed either of  our dishes.,food,1,1
oiSzZRrbi3y01_wqU528ZQ,We didn't even eat half of our plates.,food,1,1
oiSzZRrbi3y01_wqU528ZQ,We even refused to take it home with us.,null,1,1
oiSzZRrbi3y01_wqU528ZQ,"If you like and enjoy what typical Asian food tastes like,  don't waste your time here.",food,0,1
4BPjRE9VI0HhyZzyyYv0BQ,I had the garlic ginger broccoli chicken and it was not very good.,food,1,0
4BPjRE9VI0HhyZzyyYv0BQ,The broccoli was hardly cooked and the sauce was way to sweet.,food,0,0
4BPjRE9VI0HhyZzyyYv0BQ,Everything else was great.,null,1,0
4BPjRE9VI0HhyZzyyYv0BQ,I will give them a few more tries before I write them off as another crappy Asian restaurant in Surprise.,null,0,0
kznHtw1Qido_9GX6sDQPJw,This review is based upon consistency of flavor and great customer service.,"food, service",0,0
kznHtw1Qido_9GX6sDQPJw,We came and there was an unknown issue that required a 25 minute wait for food.,service,0,0
kznHtw1Qido_9GX6sDQPJw,"The employee notified us, and although hesitant, we decided to stay.",service,0,0
kznHtw1Qido_9GX6sDQPJw,We have been here numerous times before in the past years so we are familiar with this location.,null,0,0
kznHtw1Qido_9GX6sDQPJw,The employee was apologetic and gave us a free drink.,service,0,0
kznHtw1Qido_9GX6sDQPJw,That was a simple gesture but rarely do you see decent customer service anymore.,service,0,0
kznHtw1Qido_9GX6sDQPJw,We received our food and had an issue with an incorrect order.,service,0,0
kznHtw1Qido_9GX6sDQPJw,It was explained and the issue was resolved quickly.,service,0,0
kznHtw1Qido_9GX6sDQPJw,They gave us a free appetizer.,service,0,0
kznHtw1Qido_9GX6sDQPJw,"We do not expect perfection, nor free food.",service,0,0
kznHtw1Qido_9GX6sDQPJw,This restaurant cares for customers and works to provide a positive experience.,service,0,0
kznHtw1Qido_9GX6sDQPJw,We would return again because they have good food and they care.,"food, service",1,0
kznHtw1Qido_9GX6sDQPJw,That is a rarity in today's restaurant culture.,null,0,0
kznHtw1Qido_9GX6sDQPJw,Kudos to the manager for creating this culture.,null,0,0
kznHtw1Qido_9GX6sDQPJw,"Ordered- fried rive and Tofu, edamame, won ton soup, dynamite chx, and Thai curry chx",food,0,0
HWRTVn3Lc-RwN6udv4WJzQ,I love this place i'd recommend it to anyone !,null,1,0
HWRTVn3Lc-RwN6udv4WJzQ,We always order it togo and it never disappoints!,"food, service",1,0
HWRTVn3Lc-RwN6udv4WJzQ,The food always taste fresh and is always ready on time!,"food, service",1,0
HWRTVn3Lc-RwN6udv4WJzQ,Definitely our favorite lunch spot !,null,1,0
GiEB_A-m9HuX521WQNbL8w,1st!,null,1,0
GiEB_A-m9HuX521WQNbL8w,Place is not closed.,location,0,0
GiEB_A-m9HuX521WQNbL8w,There was an issue with legal workers in the franchise chain.,service,1,0
GiEB_A-m9HuX521WQNbL8w,Now they are back!,null,0,0
GiEB_A-m9HuX521WQNbL8w,Food is one of the best!,food,1,0
GiEB_A-m9HuX521WQNbL8w,Especially their chicken mango!,food,0,0
GiEB_A-m9HuX521WQNbL8w,"Daughter is a huge PF Chang fan, so she loves this place also!",null,1,0
GiEB_A-m9HuX521WQNbL8w,"Her favorite is their Mongolian beef, and noodles!",food,1,0
GiEB_A-m9HuX521WQNbL8w,"They are always coming up with something new, so you may have to try them more then a few times.",food,0,0
GKi4i6qocIgaYcwv1_0zzQ,Definitely not a fan.,null,1,0
GKi4i6qocIgaYcwv1_0zzQ,"Coming from Orange County, CA, I have high expectations when it comes to Asian food.",null,1,0
GKi4i6qocIgaYcwv1_0zzQ,"Suffice to say that Panda Express would have been a better choice, which is pretty sad.",null,0,0
OrhWg2MmCznwfKfjHKvuhA,"Pretty good, not great.",null,1,0
OrhWg2MmCznwfKfjHKvuhA,Definitely overpriced.,price,0,0
OrhWg2MmCznwfKfjHKvuhA,It's barely a step up from Panda and not worth the price difference.,price,0,0
OrhWg2MmCznwfKfjHKvuhA,"Not saying it was bad, but $25 for two basic dishes is a bit much and they didn't make the order how I requested.",price,0,0
QXWku_OB3FCj9VCZfUZwwg,I wish I could give 1.5 stars.,null,1,0
QXWku_OB3FCj9VCZfUZwwg,Nothing special.,null,1,0
QXWku_OB3FCj9VCZfUZwwg,Lack of flavor.,food,1,0
QXWku_OB3FCj9VCZfUZwwg,The entrees were either sweet or spicy.,food,0,0
QXWku_OB3FCj9VCZfUZwwg,The crab Rangoon were.....different.,food,0,0
QXWku_OB3FCj9VCZfUZwwg,The filling had a mealy consistency.,food,0,0
QXWku_OB3FCj9VCZfUZwwg,Friend rice was bland.,food,0,0
QXWku_OB3FCj9VCZfUZwwg,Plenty of other places to spend 50$ on takeout.,"price, service",0,0
QXWku_OB3FCj9VCZfUZwwg,Save your money.,price,0,0
5NtaW5EwXK595kP4Ynnisg,Disappointed that on yelp their hours show them open at 1030am but when you arrive they don't open until 11am.,service,0,
5NtaW5EwXK595kP4Ynnisg,Waiting in the car to pick up a large order makes me think twice about catering from here.,null,0,
5NtaW5EwXK595kP4Ynnisg,Don't get me wrong the food is great as always but they need to fix this.,food,0,
ai6O4UqqDqnjO7gfz6jBkA,1st visit had the lo mein...delish!,food,0,
ai6O4UqqDqnjO7gfz6jBkA,2nd visit had the teriyaki...fine if you like salt.,food,0,
ai6O4UqqDqnjO7gfz6jBkA,Ick!,null,1,
ZrvsD7PSyPolII3gp4-uHw,"As a vegetarian, it can difficult to find places with good options, but I love getting a tofu bowl at Pei Wei.",food,0,
ZrvsD7PSyPolII3gp4-uHw,"The first time I had it, I had to double check because it looks and has a similar texture to meat, but it's great.",food,0,
ZrvsD7PSyPolII3gp4-uHw,I love going to Pei Wei,null,1,
p7OqbXTjwmIN_XYohB6TFw,Typical big business chinese place.,null,1,
p7OqbXTjwmIN_XYohB6TFw,Slightly fancy but very average food.,food,0,
p7OqbXTjwmIN_XYohB6TFw,Kinda like a fast food place.... you walk up and order then get your own drinks etc.,food,0,
p7OqbXTjwmIN_XYohB6TFw,Portions are very small.,amenities,0,
p7OqbXTjwmIN_XYohB6TFw,Prices are higher than average.,price,0,
p7OqbXTjwmIN_XYohB6TFw,"They offer a few different vegetarian options but it all tastes pretty baddo yourself a favor and also support a local business and eat at big buddha around the corner.","food, environment, amenities",0,
p7OqbXTjwmIN_XYohB6TFw,Its much better food,food,1,
ukpjwnetF5wGhGrSXmPRwA,I love Pei Wei since it's just a bit more affordable than PF Changs.,price,1,
ukpjwnetF5wGhGrSXmPRwA,This is the first restaurant in the chain where I found patrons tipping the servers.,service,0,
ukpjwnetF5wGhGrSXmPRwA,"Although I don't mind leaving a dollar when it's due I find it hard to do when they don't do very much, especially since it's more of a counter service experience.",service,0,
mT6U5lujK_zIcIqux92seA,Great fresh food and clean restaurant.,"food, environment",1,
mT6U5lujK_zIcIqux92seA,Friendly and very accommodating staff.,service,1,
mT6U5lujK_zIcIqux92seA,I'm a frequent visitor.,null,0,
mT6U5lujK_zIcIqux92seA,"This is a sister restaurant to PF Chang's, but without the formality or higher prices.",price,0,
mT6U5lujK_zIcIqux92seA,"Great place to eat if you want the same style foods as PF Chang's, but a more laid back environment without the need to dress up or spend more.","food, environment, price",0,
YxAxExTdWtdMhEb14RGFRg,This is pretty good.,null,1,
YxAxExTdWtdMhEb14RGFRg,My wife and I usually split lettuce wraps and an entree of some sort.,food,0,
YxAxExTdWtdMhEb14RGFRg,It's convenient to be able to order take out online.,service,0,
YxAxExTdWtdMhEb14RGFRg,"Overall, if I'm really in the mood for chinese food I'm going to make the drive a little further out to Big Buddha on Greenway and the 303, but this is a good substitute as it's about 1 minute from my house.","food, location",0,
ue6ts-gA9khywe76lEL1Kg,Food is good and consistent and the service is always great.,"food, service",1,
ue6ts-gA9khywe76lEL1Kg,"I've never dined in, but get take-out fairly often.",service,0,
ue6ts-gA9khywe76lEL1Kg,"I love being able to just say ""same as last time"" when I call it in.",null,0,
ue6ts-gA9khywe76lEL1Kg,"Not as good as PF Changs, but certainly better than most other Asian-ish places in Surprise.",null,1,
ue6ts-gA9khywe76lEL1Kg,"Be aware that they use shitake mushrooms is almost everything, but they are fine with custom orders if you don't want them.",food,0,
ue6ts-gA9khywe76lEL1Kg,"All in all, it's not my favorite place, but I always enjoy it every time.",null,1,
WsTYqsyNyUd7xpwFrgwI0g,The hubs and I dined at the Glendale location about two years ago.,location,0,
WsTYqsyNyUd7xpwFrgwI0g,i guess we were hoping it was like PF Chang's....but unfortunately were dissapointed.,null,1,
WsTYqsyNyUd7xpwFrgwI0g,We discovered the Surprise location a couple weeks ago and decided that tonight we would grab a quick bite.,location,0,
WsTYqsyNyUd7xpwFrgwI0g,"The hubs ordered Mongolian Beef (his fav at PF Chang's) and I ordered my ""tried and true"" Ginger Broccoli and Chicken.""",food,0,
WsTYqsyNyUd7xpwFrgwI0g,Of course we started with the Lettuce Wraps because honestly...they are just the most delicious things ever!,food,0,
WsTYqsyNyUd7xpwFrgwI0g,Tonight we were pleasantly suprised that the food was quite delicious.,food,1,
WsTYqsyNyUd7xpwFrgwI0g,Although the dishes are EXACTLY like what you would get at PF Chang's they are scrumptous in their own right.,null,0,
WsTYqsyNyUd7xpwFrgwI0g,The only downfall is that the noise isn't conducive to conversation.,environment,0,
WsTYqsyNyUd7xpwFrgwI0g,I haven't been to an establishment this noisy since Buca de Beppo's...which I love (don't get me wrong)!,environment,0,
WsTYqsyNyUd7xpwFrgwI0g,But I will say (on a positive note) that the customer service is fabulous!,service,1,
WsTYqsyNyUd7xpwFrgwI0g,"Something that can be hard to come by at times...As for price....$28 bucks for the two of us including an appetizer, two entrees and two drinks.","service, price",0,
WsTYqsyNyUd7xpwFrgwI0g,(coke and iced tea...with free refills) Seems a bit pricy to me but honestly....EVERYTHING is expensive now days.,"food, price",0,
WsTYqsyNyUd7xpwFrgwI0g,"Overall, try it out...they offer take out too so you can enjoy great food in the comfort of your home....without all the noise!","service, food, environment",0,
WsTYqsyNyUd7xpwFrgwI0g,(or they have a patio you can dine from),"environment, amenities",0,
g9yv-M3kvOQFPyJHCjUrdg,Very clean and staff is always friendly.,"environment, service",1,
g9yv-M3kvOQFPyJHCjUrdg,I usually order the honey seared chicken but decided to switch it up.,food,0,
g9yv-M3kvOQFPyJHCjUrdg,"I ordered the Thai dynamite and it had a weird, almost chemical taste.",food,0,
g9yv-M3kvOQFPyJHCjUrdg,I will go back but will stick to my usual order.,null,0,
fk8OI26dAhQfot46T_SXWg,If I could give no stars I would.,null,1,
fk8OI26dAhQfot46T_SXWg,My family placed an order to be picked up and were told to be there at 7:20.,null,0,
fk8OI26dAhQfot46T_SXWg,We get there and I sit waiting for the food until 8!,null,0,
fk8OI26dAhQfot46T_SXWg,"Nobody acted like it was a big deal when I told them and just said ""oh.... Well we are running behind.""",service,0,
fk8OI26dAhQfot46T_SXWg,Um okay?!,null,0,
fk8OI26dAhQfot46T_SXWg,We get home and they forgot to put the crab puffs in my bag.,service,0,
fk8OI26dAhQfot46T_SXWg,Didn't bother going back and moved on to our meals.,service,0,
fk8OI26dAhQfot46T_SXWg,"My honey glazed chicken was average, edible.",food,0,
fk8OI26dAhQfot46T_SXWg,My husbands sweet and sour chicken was so soggy it was disgusting!,food,0,
fk8OI26dAhQfot46T_SXWg,Couldn't even eat it.,null,1,
fk8OI26dAhQfot46T_SXWg,"My daughter loves fried rice and wouldn't even eat hers, it was so greasy.",food,0,
fk8OI26dAhQfot46T_SXWg,We all ended up eating PB&J's and it was 100x better than anything we brought home.,null,0,
ld06EwR5YyutWxud9ude0Q,I went to Surprise Pei Wei Restuarant tonight on Bell.,null,0,
ld06EwR5YyutWxud9ude0Q,This was my first visit to a Pei Wei.,null,0,
ld06EwR5YyutWxud9ude0Q,"I was very impressed with the atmosphere, food and staff.","food, service",1,
ld06EwR5YyutWxud9ude0Q,The chicken teriyaki with fried rice was DELICIOUS.,food,0,
ld06EwR5YyutWxud9ude0Q,The spring rolls were delicious too!,food,0,
ld06EwR5YyutWxud9ude0Q,Your Pei Wei location is my new fav restaurant..,location,1,
CxVx2FD73kw--RuzXL_RVA,I like Pei Wei overall and enjoy their varied menu selections.,amenities,1,
CxVx2FD73kw--RuzXL_RVA,The food is good and fresh.,food,1,
CxVx2FD73kw--RuzXL_RVA,Sometimes it's hard to find a place to sit though.,"environment, amenities",0,
jJaU6pbKkYgl15P-5zfg3A,Everything was good except Thai chicken wraps.,food,0,
jJaU6pbKkYgl15P-5zfg3A,"Too much cilantro, absolute overkill.",food,0,
jJaU6pbKkYgl15P-5zfg3A,"I think long stems is just yucky, cut them off!!",food,0,
jJaU6pbKkYgl15P-5zfg3A,Korean beef was ok but just missed the flavor I'm used to in this dish.,food,0,
jJaU6pbKkYgl15P-5zfg3A,Service is always spot on.,service,0,
7M2GCeIba1uTJMJbVO7TKw,I really don't understand how anyone can eat the food from here.,food,1,
7M2GCeIba1uTJMJbVO7TKw,"Granted, I am Chinese and enjoy authentic food, however I like good Chinese American food.",null,1,
7M2GCeIba1uTJMJbVO7TKw,"For someone who usually doesn't leave food on her plate unless it is really bad, I could not finish my meal because it was tasteless and below average.",food,0,
pxs5biP-IzmjXZpoh-iVHg,Went in for lunch with a coworker today.,null,0,
pxs5biP-IzmjXZpoh-iVHg,The small portions are overpriced and really aren't small-half would've been more than enough.,"price, food",0,
pxs5biP-IzmjXZpoh-iVHg,We were served quickly and the staff was friendly!,service,0,
pxs5biP-IzmjXZpoh-iVHg,The restaurant was clean and tables were bussed quickly.,"environment, amenities",0,
pxs5biP-IzmjXZpoh-iVHg,I was disappointed with my Mongolian chicken.,food,1,
pxs5biP-IzmjXZpoh-iVHg,It tasted more like Teriyaki and was swimming in sauce.,food,0,
pxs5biP-IzmjXZpoh-iVHg,I had at least a 1/3 cup of sauce left on my plate after eating my food.,food,0,
pxs5biP-IzmjXZpoh-iVHg,"All in all, PeiWei's food will be why I don't return anytime soon even though their staff was excellent and so was the atmosphere.","service, environment",0,
DW0B2tlav4Z7T1DTzAL7kQ,The food is great and customer service is the best!,"food, service",1,
DW0B2tlav4Z7T1DTzAL7kQ,The Dan Dan noodles are dynamite but they come standard pretty spicy...,food,0,
DW0B2tlav4Z7T1DTzAL7kQ,"I placed a pick up order by phone and asked for them to be mild, but they ended up being  spicy!",service,0,
DW0B2tlav4Z7T1DTzAL7kQ,When I got home and tried to eat them they were too spicy.,food,0,
DW0B2tlav4Z7T1DTzAL7kQ,I called in and spoke to the manager and he took care of it completely and replaced the order for me at no charge!,service,0,
nI2rhDM2CgNazMdhiODoRQ,"OH MY GOD, this place.",null,1,
nI2rhDM2CgNazMdhiODoRQ,I used to like Pei Wei until I moved to Surprise and this location ruined it for me.,location,1,
nI2rhDM2CgNazMdhiODoRQ,"They consistently screw up on orders, have huge wait times, and run out of key ingredients on an alarmingly regular basis.","service, food",0,
nI2rhDM2CgNazMdhiODoRQ,"We just spent an hour waiting for a take out order (kung pao veggies and vegetable fried rice), which was twice the time they quoted us, only to be told they were out of WHITE RICE (how does a chinese restaurant fail to foresee the possibility that they might serve a lot of white rice on a Saturday night?!).",food,0,
nI2rhDM2CgNazMdhiODoRQ,I may have chosen to stick around the extra 15 minutes if they hadn't already had to re-make half my order after making it incorrectly the first time.,service,0,
nI2rhDM2CgNazMdhiODoRQ,"When I change up an order even slightly to accommodate for allergies/dietary needs, they have to re-make it at least 75% of the time.",service,0,
nI2rhDM2CgNazMdhiODoRQ,"If the food was consistently delicious, I'd rate it higher, but honestly, it's only okay.",food,0,
sb7iYaCc6ggpShtElkcwiw,My wife wanted to try this place for awhile now.,null,0,
sb7iYaCc6ggpShtElkcwiw,One of her brothers friends used to be a manager of one in Colorado too.,null,0,
sb7iYaCc6ggpShtElkcwiw,Tonight we decided to try it out.,null,0,
sb7iYaCc6ggpShtElkcwiw,I placed my order online.,null,0,
sb7iYaCc6ggpShtElkcwiw,Easy process.,service,0,
sb7iYaCc6ggpShtElkcwiw,My wife went with an order of Chicken Lo Mein and I went with Sesame Chicken/Steak with fried rice as well as an egg roll and 2 pot stickers.,food,0,
sb7iYaCc6ggpShtElkcwiw,Total for everything was $24.80 after tax.,price,0,
sb7iYaCc6ggpShtElkcwiw,I drove down and picked up my food.,service,0,
sb7iYaCc6ggpShtElkcwiw,"The manager their was friendly, rang me up real quick and I was out the door in no time.",service,0,
sb7iYaCc6ggpShtElkcwiw,This bag was heavy as hell too!,null,0,
sb7iYaCc6ggpShtElkcwiw,"Here is how everything tasted.....................Chicken Lo Mein-  Only had a little of this.",food,0,
sb7iYaCc6ggpShtElkcwiw,"Good noodles, good white meat chicken.",food,0,
sb7iYaCc6ggpShtElkcwiw,My wife liked it.,null,1,
sb7iYaCc6ggpShtElkcwiw,Sesame Chicken/Steak-  I decided to try out 2 kinds of meat.,food,0,
sb7iYaCc6ggpShtElkcwiw,They let you mix and match which is cool...they charge you for the highest priced item.,"food, price",0,
sb7iYaCc6ggpShtElkcwiw,I substituted fried rice for white rice (.99 cents extra).,food,0,
sb7iYaCc6ggpShtElkcwiw,"This was touted as soy citrus glaze, red bell peppers, onions, scallions, ginger, garlic and chile paste and sesame seeds.",food,0,
sb7iYaCc6ggpShtElkcwiw,It was just alright.,null,1,
sb7iYaCc6ggpShtElkcwiw,The flavors didn't really do much for me.,food,1,
sb7iYaCc6ggpShtElkcwiw,It was a tad spicy from the chile paste but overall it was kind of bland.,food,0,
sb7iYaCc6ggpShtElkcwiw,I had some pieces of steak/chicken that were a bit funky too.,food,0,
sb7iYaCc6ggpShtElkcwiw,I would definitely try out a different dish next time here...if there is a next time ;-).,null,0,
sb7iYaCc6ggpShtElkcwiw,The fried rice was good!,null,1,
sb7iYaCc6ggpShtElkcwiw,Egg Roll- Eh.,food,1,
sb7iYaCc6ggpShtElkcwiw,It was an egg roll.,food,0,
sb7iYaCc6ggpShtElkcwiw,Nothing fantastic about it but it tasted fine.,food,0,
sb7iYaCc6ggpShtElkcwiw,It came with a sweet mustard dipping sauce which was pretty tasty.,food,0,
sb7iYaCc6ggpShtElkcwiw,"Usual fillings of pork, veggies etc.",food,0,
sb7iYaCc6ggpShtElkcwiw,Deep Fried Pot Stickers-  I got 2 of these things.,food,0,
sb7iYaCc6ggpShtElkcwiw,They were good.,null,1,
sb7iYaCc6ggpShtElkcwiw,Small but good.,null,1,
sb7iYaCc6ggpShtElkcwiw,Straight pork filling in the middle of them.,food,0,
sb7iYaCc6ggpShtElkcwiw,Overall it was just alright.,null,1,
sb7iYaCc6ggpShtElkcwiw,I will say that they give you a GRIP of food.,food,0,
sb7iYaCc6ggpShtElkcwiw,The 2 entrees we got could have easily fed 1-2 more people.,food,0,
sb7iYaCc6ggpShtElkcwiw,For $24.80 it was a great value.,price,0,
sb7iYaCc6ggpShtElkcwiw,The food just wasn't the type of thing that  you would ever crave and keep you coming back though.,food,0,
sb7iYaCc6ggpShtElkcwiw,"While I was eating my meal, all I could think of were better Chinese food places I have had before....wishing I was eating them instead.",null,0,
sb7iYaCc6ggpShtElkcwiw,"It filled my belly, service was friendly and the value is definitely there.",service,0,
sb7iYaCc6ggpShtElkcwiw,I'll probably give them another try and order some other dishes to see if there is something I really like.,null,0,
sb7iYaCc6ggpShtElkcwiw,We shall see............,null,0,
j51qEbi4hMm6WHGlkt57xg,"Haven't eaten at this location in particular, but in general the prices are high for what you get.",price,0,
j51qEbi4hMm6WHGlkt57xg,It's nothing special and any other Chinese place in the city can probably beat it in the price/quality area.,"price, food",0,
fKCizCcgm5lrdh0fxnOplg,Always on point.,null,1,
fKCizCcgm5lrdh0fxnOplg,I get the Carmel chicken..,food,0,
fKCizCcgm5lrdh0fxnOplg,The crab wontons are a guilt must have.,food,0,
fKCizCcgm5lrdh0fxnOplg,And I love there  tea too.,food,1,
fKCizCcgm5lrdh0fxnOplg,Ate her for two years and always pleased.,null,0,
fKCizCcgm5lrdh0fxnOplg,Thx!,null,1,
TGG8n3Cb3klpPdamJ88owA,I love Pei Wei.,null,1,
TGG8n3Cb3klpPdamJ88owA,The food is delicious.,food,1,
TGG8n3Cb3klpPdamJ88owA,The atmosphere is chill.,"environment, amenities",1,
TGG8n3Cb3klpPdamJ88owA,The restaurant was clean and staff friendly.,"environment, service",1,
hQCBUqXmVB2QuQ2MVv3Apg,Came here with my friend today cause we were starving and decide to go whichever next place we saw.,null,0,
hQCBUqXmVB2QuQ2MVv3Apg,And we were very surprised at how pretty the inside of the restaurant looked.,"environment, amenities",1,
hQCBUqXmVB2QuQ2MVv3Apg,The decor was amazing.,"environment, amenities",1,
hQCBUqXmVB2QuQ2MVv3Apg,I ordered the Japanese teryaki bowl vegetarian style and it was amazing.,food,1,
hQCBUqXmVB2QuQ2MVv3Apg,I loved the tofu and the brown rice and the veggies.,food,1,
hQCBUqXmVB2QuQ2MVv3Apg,My friend ordered the lo mein and she loved it.,food,1,
hQCBUqXmVB2QuQ2MVv3Apg,We didn't finish due to the fact that the portions are huge.,food,0,
hQCBUqXmVB2QuQ2MVv3Apg,"(we didn't know it was a like share the bowl type of place, and when we figured it out we didn't do it because hers had meat).",food,0,
hQCBUqXmVB2QuQ2MVv3Apg,But overall this place was amazing.,null,1,
hQCBUqXmVB2QuQ2MVv3Apg,The employees are very very nice!,service,1,
hQCBUqXmVB2QuQ2MVv3Apg,And this place is vivid and just amazing.,null,1,
hQCBUqXmVB2QuQ2MVv3Apg,WAY better than panda express.,null,1,
hQCBUqXmVB2QuQ2MVv3Apg,"I will definately come here again, and recomend it to everyone!!",null,1,
hQCBUqXmVB2QuQ2MVv3Apg,!,null,1,
P8h9lk3qwwzaYgM4ueCeqA,Very consistent food.,food,1,
P8h9lk3qwwzaYgM4ueCeqA,Definitely a second best to P.F.,null,1,
P8h9lk3qwwzaYgM4ueCeqA,Chang's.,null,0,
LP1OdCHa7DMVpbLhB4dgMg,Service is fast and on time.,service,0,
LP1OdCHa7DMVpbLhB4dgMg,Love the online ordering-very convenient!,service,1,
LP1OdCHa7DMVpbLhB4dgMg,Food is always hot and delicious.,food,1,
LP1OdCHa7DMVpbLhB4dgMg,However...NO FORKS FOR TAKE OUT?,"service, amenities",0,
LP1OdCHa7DMVpbLhB4dgMg,That is poor management.,service,1,
LP1OdCHa7DMVpbLhB4dgMg,"Either you didn't order in time or there was a problem with the order...either way, hustle your booty to Walmart and buy a couple boxes: Unacceptable!",service,0,
_laP3dAOE--w6JMCG4HFjg,The food was fantastic!,food,1,
_laP3dAOE--w6JMCG4HFjg,I highly recommend  the lettuce wraps.,food,1,
RMuW5m75o_5RgL2mTMfg2g,Then we went to dinner at Pei Wei.,null,0,
RMuW5m75o_5RgL2mTMfg2g,Not bad for an Asian fusion place.,null,0,
RMuW5m75o_5RgL2mTMfg2g,"Filled with senior citizens, but that's not all that surprising.",null,0,
RMuW5m75o_5RgL2mTMfg2g,"I had the Mango Thai Shrimp, apparently, which was good.",food,0,
RMuW5m75o_5RgL2mTMfg2g,Right amount of spice in the dish.,food,0,
RMuW5m75o_5RgL2mTMfg2g,"Not too heavy, either.",null,0,
RMuW5m75o_5RgL2mTMfg2g,"Steve and Chris had their own plates as well, both of which looked appetizing.",food,0,
RMuW5m75o_5RgL2mTMfg2g,Not crazy about the moderate wait nor the fact that strangers came up to the table with unnecessary parenting advice for Steve and Chris.,service,0,
9-mx4vAByTMxJDrLfNZZbA,We use them to cater family get-togethers.,null,0,
9-mx4vAByTMxJDrLfNZZbA,"Love the vegetarian dishes, especially the baked tofu- yum!",food,1,
9-mx4vAByTMxJDrLfNZZbA,The Mongolian beef is a favorite with family.,food,0,
9-mx4vAByTMxJDrLfNZZbA,When we dine in we always get the lettuce wrap.,food,0,
FxAxYxj5SbiOtcK36bJxCA,We went as a family of 6 and was treated very poorly by the manager at the  place.,service,0,
FxAxYxj5SbiOtcK36bJxCA,The food was greasy (I guess most Americans would love it since they don't see the difference) The manager had the audacity to compare this restaurant with PF Chang which is equally greasy and bad.,"food, service",0,
FxAxYxj5SbiOtcK36bJxCA,I wouldn't recommend this place to any health conscious people.,null,0,
FxAxYxj5SbiOtcK36bJxCA,To top it all its expensive.,price,1,
FxAxYxj5SbiOtcK36bJxCA,Go to taco bell or China Panda and save your frustration and your appetite.,null,0,
FxAxYxj5SbiOtcK36bJxCA,Just being fancy is not the attraction motto for me.,null,1,
FxAxYxj5SbiOtcK36bJxCA,Maybe they will train their managers to change the attire of the restaurant.,service,0,
FxAxYxj5SbiOtcK36bJxCA,I wont waste my time here.,null,1,
0sRld5Hk0O6JUGKpPlWgPQ,I love their food.,food,1,
0sRld5Hk0O6JUGKpPlWgPQ,I have gone there multiple times and still think it's great.,null,1,
0sRld5Hk0O6JUGKpPlWgPQ,I especially love their soda machine.,food,1,
0sRld5Hk0O6JUGKpPlWgPQ,The Mongolian Beef dish is my absolute favorite.,food,1,
g9IdtJr5oVv4Df0nY_IPng,We are winter residents and always look forward to eating here when we return.,null,0,
g9IdtJr5oVv4Df0nY_IPng,"Sorry to say we were quite disappointed with our Pad Thai orders today, so much sauce that it resembled a thick soup.",food,0,
g9IdtJr5oVv4Df0nY_IPng,"The egg ingredient seemed to be overlooked and was in big slices rather than smaller curds,  when I asked a server about the sauce he replied that it wasn't really sauce but that the rice noodles were too wet.",food,0,
g9IdtJr5oVv4Df0nY_IPng,"Either way, it was not a pleasant dish today.",food,1,
i_g131Z2mXHBSSm5erJZbw,Very tasty Chinese food!,food,1,
i_g131Z2mXHBSSm5erJZbw,The prices are reasonable and serving sizes are generous.,"price, food",0,
i_g131Z2mXHBSSm5erJZbw,I really enjoyed the Mongolian Beef!,food,1,
i_g131Z2mXHBSSm5erJZbw,Dont forget to grab a fortune cookie from the bowl on your way out!,food,0,
pta_2pIbHJhx_XM1-rIHzw,All around great flavor and portions.,food,0,
pta_2pIbHJhx_XM1-rIHzw,Perfect for take-out always consistent the fam eats here about three times a month never had a bad meal.,"service, food",0,
Ty2JjQqEZrmbSO7eFwlyiA,"The vegetarian options are pretty good, especially if you like tofu.",food,0,
Ty2JjQqEZrmbSO7eFwlyiA,The restaurant was out of napkins the last time I was there and the staff was friendly.,"amenities, service",0,
Ty2JjQqEZrmbSO7eFwlyiA,I would recommend the take-out option versus dining in though.,service,0,
hZsxP7BZi8seJQRKw6hxEQ,Pretty good food a chain.,food,1,
hZsxP7BZi8seJQRKw6hxEQ,You do get a lot of food for the price.,food,0,
hZsxP7BZi8seJQRKw6hxEQ,"However, every time I have ordered online there has been a mistake.",service,0,
hZsxP7BZi8seJQRKw6hxEQ,Sometimes they tell me they never even received my order when I received the confirmation email.,"service, amenities",0,
hZsxP7BZi8seJQRKw6hxEQ,"Also, if you in during a busy time and have a teenage girl as a cashier, you're chances of having a pleasant experience with her are slim to none.",service,0,
hZsxP7BZi8seJQRKw6hxEQ,This has happened to me multiple times with multiple different cashiers.,service,0,
hZsxP7BZi8seJQRKw6hxEQ,"I have spoken to the manager and he is always very apologetic, but I guess you just can't get stressed teenage girls to be nice to customers.",service,0,
hZsxP7BZi8seJQRKw6hxEQ,I will continue to go here as the food is good for the price and they are relatively quick with preparation.,"food, price",0,
hZsxP7BZi8seJQRKw6hxEQ,Nice options if you're veggies as well.,food,0,
1GVnTlLTCeR6Ew8z2D1EFw,"What can I say, I'm a sucker for Pei Wei.",null,1,
1GVnTlLTCeR6Ew8z2D1EFw,"When we lived in California, I heard the place was shut down.",null,0,
1GVnTlLTCeR6Ew8z2D1EFw,Glad to move back and see it open.,null,0,
1GVnTlLTCeR6Ew8z2D1EFw,"Take out rocks, call ahead.",service,0,
1GVnTlLTCeR6Ew8z2D1EFw,"They remember your phone number and name, so when you call they already know you.",service,0,
1GVnTlLTCeR6Ew8z2D1EFw,"They also save your last order to ask if you want the same, or to add anything to it... Nice touch.",service,0,
1GVnTlLTCeR6Ew8z2D1EFw,I think I eat there too much!,food,1,
1GVnTlLTCeR6Ew8z2D1EFw,"The only thing I don't like, and I think I'm the only one who doesn't like it, is the soda machine.","food, amenities",0,
1GVnTlLTCeR6Ew8z2D1EFw,"Only because I always get a soda after someone has pumped out some nasty combination of orange soda and root beer, then I can taste it in my coke.",food,0,
1GVnTlLTCeR6Ew8z2D1EFw,Wish they had some filter system.,amenities,0,
1GVnTlLTCeR6Ew8z2D1EFw,"Otherwise, I could eat here daily.",null,0,
1GVnTlLTCeR6Ew8z2D1EFw,Find me here at least once a week!,null,0,
1GVnTlLTCeR6Ew8z2D1EFw,:),null,0,
lHZziOQQYBGuyx11nCGSnA,Took the family there last week.,null,0,
lHZziOQQYBGuyx11nCGSnA,"Ordered fried wontons, sweet and sour beef, Mongolian beef, honey crusted chicken and pad Thai noodles.",food,0,
lHZziOQQYBGuyx11nCGSnA,"The Mongolian beef was delicious, however the white rice was undercooked, some of the rice was hard still and crunchy.",food,0,
lHZziOQQYBGuyx11nCGSnA,"Honey crusted chicken also quite good, same story with the rice.",food,0,
lHZziOQQYBGuyx11nCGSnA,Same thing with the sweet and sour beef.,food,0,
lHZziOQQYBGuyx11nCGSnA,Ordered the Pad Thai without peanuts...,food,0,
lHZziOQQYBGuyx11nCGSnA,Son is allergic to peanuts so we made it very clear we didn't want anything with nuts.,null,0,
lHZziOQQYBGuyx11nCGSnA,They deliver the pad Thai with peanuts all over the top.,service,0,
lHZziOQQYBGuyx11nCGSnA,Sent it back and they fixed it.,service,0,
lHZziOQQYBGuyx11nCGSnA,They brought us spring rolls which we did not order.,service,0,
lHZziOQQYBGuyx11nCGSnA,We said they were not ours we ordered wontons.,service,0,
lHZziOQQYBGuyx11nCGSnA,They bring us the wontons a few minutes later.,service,0,
lHZziOQQYBGuyx11nCGSnA,"The wontons are less expensive than the spring rolls, we point that our to the guy at the register and with a bit of smart-alecky-ness says that he ""let us keep the spring rolls"" and ""didn't charge is for all of our drinks"" as if he did us a favor.",service,0,
lHZziOQQYBGuyx11nCGSnA,"Overall the food was decent, the rice was terrible and the attitude of the cashier was not what I expected with a $65 food order!!","food, service, price",0,
lHZziOQQYBGuyx11nCGSnA,I wouldn't go back for that price and food quality but perhaps we caught them on a bad day..,price,0,
hUnVNj83RehIogPzxKkR9w,I love the food and the containers it comes in.,food,0,
hUnVNj83RehIogPzxKkR9w,We eat there sometimes and also carry out.,null,0,
hUnVNj83RehIogPzxKkR9w,My favorite is ginger beef broccoli!,food,1,
hUnVNj83RehIogPzxKkR9w,Thank you for the emails especially.,null,0,
hUnVNj83RehIogPzxKkR9w,I really appreciate it,null,1,
wmoivnocytzFnsJaB-5RIA,"Pei Wei has become a favorite ""take out"" spot for both myself and my girl friend.",service,0,
wmoivnocytzFnsJaB-5RIA,"We drive a little further than the local Taco Bell - KFC combination fast food stop, but to eat healthier it is certainly worth our time.",food,0,
wmoivnocytzFnsJaB-5RIA,"Yesterday, after our Silver Crafting Class, we drove the 2.4 miles and not only enjoyed a relaxing healthy lunch, but then purchased ""take home"" orders so we would have our evening meal in the refrigerator waiting.",food,0,
wmoivnocytzFnsJaB-5RIA,(I brought my husband home an order of his favorite Kung Po Chicken with brown rice.),food,0,
wmoivnocytzFnsJaB-5RIA,"If you haven't give Pei Wei a try, stop in some time.",null,0,
wmoivnocytzFnsJaB-5RIA,"I believe you'll enjoy it -- that is, IF, you enjoy Asian dishes.",food,1,
ZUKo5tY7ZXqzF8-Uu0R8Rw,It's just above average.,null,0,
ZUKo5tY7ZXqzF8-Uu0R8Rw,Portions are decent and cost was ok.  Got in and out fast by phoning our order in.,"food, service",0,
ZUKo5tY7ZXqzF8-Uu0R8Rw,"Good was ok, it didn't floor me but it didn't make me not want to there again.",food,1,
l8cGGc6AaHCj8XomkYRzAw,In Surprise this is probably the best Chinese offering which isnt saying a whole lot.,null,1,
l8cGGc6AaHCj8XomkYRzAw,"I really wish there was an awesome offering out there in terms of Chinese food.. Mexican food, oh yeah, some very good places mostly but Asian, youre better off staying at home and cooking.",null,0,
l8cGGc6AaHCj8XomkYRzAw,"We ordered the Asian Chicken Salad, chicken was old and had that old gross fridge taste.. Dan Dan Noodle, the noodles were over cooked and stuck together as one large soggy noodle.. Curry with Tofu, the curry had a weird perfume taste.. the honey chicken was pretty good as well as the hot and sour soup though neither made for good leftovers.",food,0,
l8cGGc6AaHCj8XomkYRzAw,"With Surprise having so many chains it wasnt surprising to see one of these finally opening up.. a far better choice than Panda Express.. kind of sad, huh?",null,1,
kAA5n5ie00OFi0w0K53WSA,Pei Wei is the fast food version of PF Changs.,food,0,
kAA5n5ie00OFi0w0K53WSA,There's a long and interesting story surrounding Pei Wei and that of PF Changs.,null,0,
kAA5n5ie00OFi0w0K53WSA,"Let me just say that, a man named Paul Fleming (PF) and (Flemings) is responsible for many of the restaurants that you and I frequent.",null,0,
kAA5n5ie00OFi0w0K53WSA,"His ex wife and him went through a bitter divorce her nickname is (Flow) and she operates ""Flows,"" Chinese restaurants.",null,0,
kAA5n5ie00OFi0w0K53WSA,"Flow is Chinese and married another Caucasian man 20-25 years younger than her, who speaks fluent Chinese.",null,0,
kAA5n5ie00OFi0w0K53WSA,"Anyways, Peiwei's in my opinion is overpriced for the small amount of you receive for the consideration you give.",price,0,
kAA5n5ie00OFi0w0K53WSA,"In other words, there's no value for your consideration.",price,0,
kAA5n5ie00OFi0w0K53WSA,"Yes, I do enjoy the PeiWei Spicy chicken, extra spicy with water chestnuts, but at $12.53 for the water chestnuts and extra chicken, it's just not worth it.","food, price",0,
kAA5n5ie00OFi0w0K53WSA,"The rice is almost always dry and is cooked incorrectly in massive amounts, as well as being a long grain, not short grain rice.",food,0,
kAA5n5ie00OFi0w0K53WSA,NOT WORTH THE MONEY!!,price,1,
kAA5n5ie00OFi0w0K53WSA,!,null,1,
k53Lj6HucbPbqZWYNFoBsg,I love the lettuce wraps here.,food,1,
k53Lj6HucbPbqZWYNFoBsg,They are simply the best.,null,1,
k53Lj6HucbPbqZWYNFoBsg,I order carry out often from here.,service,0,
k53Lj6HucbPbqZWYNFoBsg,I occasionally dine in.,null,0,
k53Lj6HucbPbqZWYNFoBsg,My problem with the dinning in is the seating.,"amenities, service",0,
k53Lj6HucbPbqZWYNFoBsg,It is always difficult to find a seat.,"amenities, service",0,
k53Lj6HucbPbqZWYNFoBsg,The place really needs to expand.,"amenities, service",0,
k53Lj6HucbPbqZWYNFoBsg,If you have a party of more than 4 most days you can hang it up.,null,0,
k53Lj6HucbPbqZWYNFoBsg,Other than the seating I like it.,amenities,0,
k53Lj6HucbPbqZWYNFoBsg,Large portions of rice and noodles.,food,0,
k53Lj6HucbPbqZWYNFoBsg,A little stingy on the meat.,food,0,
ULJhNKA4iikk9fVyvfPHqA,Just dirty ...,null,0,
ULJhNKA4iikk9fVyvfPHqA,Sometimes I wonder why we come back here.,null,0,
ULJhNKA4iikk9fVyvfPHqA,At the register the girl handed me a cup.,service,0,
ULJhNKA4iikk9fVyvfPHqA,There was particles of food on the inside.,food,0,
ULJhNKA4iikk9fVyvfPHqA,"I handed it back and said ""It's dirty, I'll take a different one.""",service,0,
ULJhNKA4iikk9fVyvfPHqA,She put the dirty cup back with the other 'clean' cups.,service,0,
ULJhNKA4iikk9fVyvfPHqA,"I stopped and restated ""No.",null,1,
ULJhNKA4iikk9fVyvfPHqA,"It's DIRTY, you probably shouldn't give it to someone else.""",service,0,
ULJhNKA4iikk9fVyvfPHqA,(Shaking my head),null,1,
En6K7NF2Sqxjc3NKLjx0cw,"Hot,vegan,carbo load You name it and they have itPricing is reasonable  and quality excellent No disappointments hereFive stars for the food We try to stop by monthly","price, food",0,
uiSS0Hd9L4krCvwX0jMugg,"I eat regularly (3-5 times a month) at Pei Wei, usually in Scottsdale or North Phoenix.",null,0,
uiSS0Hd9L4krCvwX0jMugg,"My wife's doctor is across the street from this Pei Wei, so we have been stopping in when we go to her baby check ups.",null,0,
uiSS0Hd9L4krCvwX0jMugg,"It is, without a doubt, the best Pei Wei I have eaten at.",null,1,
uiSS0Hd9L4krCvwX0jMugg,"It is consistent, they don't get frustrated if you customize your order, and the cooks on always on point.",food,0,
uiSS0Hd9L4krCvwX0jMugg,Wish this location was closer!,location,0,
z30Tv_MrQzEow6WjLFmtXQ,"This Pei Wei location has such kind, welcoming staff.","location, service",0,
z30Tv_MrQzEow6WjLFmtXQ,They are so accommodating and hospitable.,,,
z30Tv_MrQzEow6WjLFmtXQ,"5 stars, hands down.",,,
EvlwP4hCwnFdQyUvC6RFVQ,"Pei Wei is a fast, easy, cheaper PF Chang's - and that's what makes it great!",,,
EvlwP4hCwnFdQyUvC6RFVQ,"If you like the tofu dishes at PF Chang's, you'll love Pei Wei.",,,
EvlwP4hCwnFdQyUvC6RFVQ,The food here is great.,,,
EvlwP4hCwnFdQyUvC6RFVQ,The service is exceptional.,,,
EvlwP4hCwnFdQyUvC6RFVQ,And the portions are huge!,,,
EvlwP4hCwnFdQyUvC6RFVQ,I usually end up taking about half the food home with me.,,,
EvlwP4hCwnFdQyUvC6RFVQ,"Also, compared to other lunch spots near by (like Paradise Bakery), it's really not all that busy.",,,
EvlwP4hCwnFdQyUvC6RFVQ,"Of course, it's not authentic Asian food, but you shouldn't be expecting that when you come here anyway.",,,
mgNBEZoEznL5VYGAUmyAWQ,The problem may be that I lived in the Bay Area for 30 years.,,,
mgNBEZoEznL5VYGAUmyAWQ,"There, bad restaurants expire in less that a year.",,,
mgNBEZoEznL5VYGAUmyAWQ,Pei Wei wouldn't last very long.,,,
mgNBEZoEznL5VYGAUmyAWQ,We had the Mongolian Beef and Kung Pao chicken.,,,
mgNBEZoEznL5VYGAUmyAWQ,"The beef was in a salty, sticky sweet brown sauce that rendered it almost inedible.",,,
mgNBEZoEznL5VYGAUmyAWQ,"The Chicken had little spice or sauce, although the pea pods were fresh.",,,
mgNBEZoEznL5VYGAUmyAWQ,Think Panda Express.,,,
mgNBEZoEznL5VYGAUmyAWQ,Food is not serve family style.,,,
mgNBEZoEznL5VYGAUmyAWQ,Food is ordered at the register and brought (eventually) to your table.,,,
UQ68U4Z2JAhuBMOrAv1AGA,First time ever giving a review but felt it was necessary.,,,
UQ68U4Z2JAhuBMOrAv1AGA,I'm just gonna go all in and say it... Pei Wei sucks ass.,,,
UQ68U4Z2JAhuBMOrAv1AGA,"It seems to be subjective, I know.",,,
UQ68U4Z2JAhuBMOrAv1AGA,"But in comparison to legitimate Asian food, wheather that's credible Thai, Chinese, Vietnamese, etc., I'm not sure how anyone can make a compelling argument that Pei Wei is ""good"" food..",,,
UQ68U4Z2JAhuBMOrAv1AGA,The crab wontons are usually a sure bet at any Asian restaurant but for some reason it just always sucks ass here.,,,
UQ68U4Z2JAhuBMOrAv1AGA,Fishy weird taste that's contrary to what they should taste like and the sauce is garbage.,,,
UQ68U4Z2JAhuBMOrAv1AGA,Teriyaki Chicken was bland and shitty.,,,
UQ68U4Z2JAhuBMOrAv1AGA,Pei Wei Spicy dish was average at best only cuz of the sweet sugary sauce that masks the overall flavor.,,,
UQ68U4Z2JAhuBMOrAv1AGA,Now my girlfriend and I just feel like shit.. Why?,,,
UQ68U4Z2JAhuBMOrAv1AGA,Cuz it's shitty food.,,,
UQ68U4Z2JAhuBMOrAv1AGA,Also saw on the local news that the location on Glendale and 7th st. had 4 health code violations.,,,
UQ68U4Z2JAhuBMOrAv1AGA,I'm officially done with this place.,,,
UQ68U4Z2JAhuBMOrAv1AGA,Spend a couple extra bucks and go eat some authentic Asian cuisine at a family owned restaurant that actually knows how to cook real food.. Not some corporate food chain bullshit..,,,
UQ68U4Z2JAhuBMOrAv1AGA,Thank you for reading and bless your heart.,,,
wFP3lpVdl03_NxZoXL4Pzg,The wait time for the food was way too long- 30 minutes for a bowl of spicy noodles with some veggies.,,,
wFP3lpVdl03_NxZoXL4Pzg,I'm a guest from out of state but this is nothing better than my local Panda joint.,,,
wFP3lpVdl03_NxZoXL4Pzg,They should probably let the customers cook the food cause we could do it faster.,,,
wFP3lpVdl03_NxZoXL4Pzg,The food was okay but the portions were a bit big.,,,
wFP3lpVdl03_NxZoXL4Pzg,While I was waiting for the food (+30 min) I noticed a lot of people just ate a few bites and left the food on the table.,,,
wFP3lpVdl03_NxZoXL4Pzg,So much food wasted- there must be a reason for that right??,,,
wFP3lpVdl03_NxZoXL4Pzg,"The bathrooms weren't clean, barely had soap no towels and toilet didn't even flush!!",,,
wFP3lpVdl03_NxZoXL4Pzg,I hope next time I'm down here that it isn't this bad.,,,
0udTI0_Iy32PVH5ASUjfpA,I ordered the teriyaki bowl and it was great food for the price.,,,
0udTI0_Iy32PVH5ASUjfpA,Quite impressed by the variety of options on the menu.,,,
0udTI0_Iy32PVH5ASUjfpA,Not sure if this location was the one I tried.,,,
ylXGqKJWJkwCwO-mhKh12A,Absolutely wonderful.,,,
ylXGqKJWJkwCwO-mhKh12A,"This place is clean, the staff is wonderful and go out of their way to help you.",,,
ylXGqKJWJkwCwO-mhKh12A,They stay a step ahead of you and get what what you need.,,,
ylXGqKJWJkwCwO-mhKh12A,The food is perfect!,,,
ylXGqKJWJkwCwO-mhKh12A,"I have eaten here many many times and it has always been fresh, hot, and delicious!",,,
ylXGqKJWJkwCwO-mhKh12A,"I highly recommend this place, 100%!",,,
mUgMtcicQR39CJX9FCchTg,Service is a 4  .,,,
mUgMtcicQR39CJX9FCchTg,Very sloppy also the hot and sour soup aint that  bad if u add enough chile paste and salt and soy sauce the gentleman named pop he is the manager great service from him and this other lady did not get her name unfortunetly  I've changed my rating 2 times that's how impressed I am,,,
nsUHkKb3vIdwd0x7egzBUQ,Love the food but it's great at all locations.,,,
nsUHkKb3vIdwd0x7egzBUQ,The customer service is horrible at this location.,,,
nsUHkKb3vIdwd0x7egzBUQ,Only two tables were occupied at the time we walked in for a carry out.,,,
nsUHkKb3vIdwd0x7egzBUQ,We walked in and they looked at us like.....really?,,,
nsUHkKb3vIdwd0x7egzBUQ,Go away!!,,,
nsUHkKb3vIdwd0x7egzBUQ,Someone walked up to the register and he just looked at me.,,,
nsUHkKb3vIdwd0x7egzBUQ,I asked him if he was ready to take my order and he just kept looking at me like I was wasting his time.,,,
nsUHkKb3vIdwd0x7egzBUQ,"No thank you, nothing.",,,
nsUHkKb3vIdwd0x7egzBUQ,Just a hand to take my money and then a bag in my face so I would leave and get out of their faces.,,,
nsUHkKb3vIdwd0x7egzBUQ,Really??,,,
nsUHkKb3vIdwd0x7egzBUQ,?,,,
M6qZU16SjXoyoLrmNENhQg,We are from the Midwest and are visiting Phoenix on a vacation.,,,
M6qZU16SjXoyoLrmNENhQg,We stopped in this place for some quick Asian food.,,,
M6qZU16SjXoyoLrmNENhQg,What a great surprise!,,,
M6qZU16SjXoyoLrmNENhQg,I had the Mongolian chicken and it was great.,,,
M6qZU16SjXoyoLrmNENhQg,Very similar to PF Chang.,,,
M6qZU16SjXoyoLrmNENhQg,You order at the counter and they bring the food.,,,
M6qZU16SjXoyoLrmNENhQg,I wish we had one of these where I live.,,,
Wjcm9kzfQp3d2R6uqblzzg,I usually go to pei wei regularly and am usually over all satisfied.,,,
Wjcm9kzfQp3d2R6uqblzzg,However today did not go well .,,,
Wjcm9kzfQp3d2R6uqblzzg,"First I was unable to order online,   when I  went to pick up the food I brought  a gift card with a remaining credit on it and the remaining total written on top with a permanent marker which would have covered the entire cost of my meal.",,,
Wjcm9kzfQp3d2R6uqblzzg,When I handed it over to the employee  she swiped the card and simply stated there is a zero balance on this card.,,,
Wjcm9kzfQp3d2R6uqblzzg,To which I replied that can't be correct because the last time I used it the employee wrote the available balance on the top of the card for me.,,,
Wjcm9kzfQp3d2R6uqblzzg,The cashier didn't seem to take me serious and simply asked for another method of payment.,,,
Wjcm9kzfQp3d2R6uqblzzg,I was in a rush it was my lunch hour so  I paid out of pocket.,,,
Wjcm9kzfQp3d2R6uqblzzg,The sauce on my food taste watered down over all a poor experience.,,,
Wjcm9kzfQp3d2R6uqblzzg,To add insult to injury I later called the number on my gift card and they assured me that I did have a credit balance which leave's me wondering what are gift card's good for?,,,
Wjcm9kzfQp3d2R6uqblzzg,BUYER BEWARE...,,,
4RF8dMNBW-p2eTluPME_4g,Enjoyed the bright fun Mexican decor!,,,
4RF8dMNBW-p2eTluPME_4g,The food was delicious and reasonably priced!,,,
4RF8dMNBW-p2eTluPME_4g,And the margaritas were delicious!,,,
ClgrKJ6dqiM7vSKJBJ2w6Q,I've been here at least 5 times now and each time is better than the last.,,,
ClgrKJ6dqiM7vSKJBJ2w6Q,I Iove what they have done to improve the building and add outdoor dining.,,,
ClgrKJ6dqiM7vSKJBJ2w6Q,Service is always good here and on par with other top places in Mentor.,,,
ClgrKJ6dqiM7vSKJBJ2w6Q,I really suggest the chicken soup on a cold day it's very yummy!,,,
ClgrKJ6dqiM7vSKJBJ2w6Q,Everything I've had on the menu has been great.,,,
IBCTqmvwvd5ZqQhuvFDNXg,Terrific service.,,,
IBCTqmvwvd5ZqQhuvFDNXg,"The place was packed, but we were seated right away.",,,
IBCTqmvwvd5ZqQhuvFDNXg,Chips and salsa on the table as we were seated.,,,
IBCTqmvwvd5ZqQhuvFDNXg,"Great food, big portions, fast service.",,,
69kni-xG6qtg9y3Hq_zw5g,Ate here for lunch on a Sunday.,,,
69kni-xG6qtg9y3Hq_zw5g,"Arrived around 12:30, and there were a decent number of customers seated.",,,
69kni-xG6qtg9y3Hq_zw5g,"Service was friendly and fast, food was excellent, and they have DRAFT BEER, including a couple of Mexican brews.",,,
69kni-xG6qtg9y3Hq_zw5g,This location is the best Don Tequila I have been to.,,,
rQOasxLFCDNWLNW27VHnyA,Been dining here since it first opened.,,,
rQOasxLFCDNWLNW27VHnyA,Wife is from tx so this is her taste of home.,,,
rQOasxLFCDNWLNW27VHnyA,When tx folks come to visit they ask to go to Don's.,,,
rQOasxLFCDNWLNW27VHnyA,It's very good tex-mex.,,,
eGtRHSII_uNGVELSxjYNSA,"If you have a hankering for Mexican, head on over to don tequilas.",,,
eGtRHSII_uNGVELSxjYNSA,Fast service and delicious food with generous portions.,,,
eGtRHSII_uNGVELSxjYNSA,We ordered the Guadalajara special tamale and the pollo adobe and they were both delicious.,,,
O5UfgCBj4osaEeolc_muUA,Kind of disappointed with the previous reviews in the area of customer service because honestly there was none.,,,
O5UfgCBj4osaEeolc_muUA,We were the only patrons in the restaurant and the waiter seemed  inconvenienced by us being there.,,,
O5UfgCBj4osaEeolc_muUA,After he took our order he went and sat down in another booth and started playing on a computer.,,,
O5UfgCBj4osaEeolc_muUA,"We did not get our food quickly like everyone else has said, as we were the only people here it shouldn't take as long as it takes for me to finish my beverage.",,,
O5UfgCBj4osaEeolc_muUA,Maybe it had something to do with the fact that the waiter was farting around instead of doing his job?,,,
O5UfgCBj4osaEeolc_muUA,They got three stars because despite the service the food was AMAZING and quite inexpensive.,,,
O5UfgCBj4osaEeolc_muUA,If you order a quesadilla you may want to order a la carte items as well because the quesadilla was the size of a large Taco which is odd.,,,
Dq7iR4uVsVWPfqKqaLtmtw,"I eat here all the time and most of the staff are from Guadalajara.... Food is definately ""americanized"" and by that i mean tamed down in heat and changed a little for what americans expect....",,,
Dq7iR4uVsVWPfqKqaLtmtw,But when i order my racos de carne asada with lime and cilantro and onions.... All i get are big smiles and HOT sauce....,,,
Dq7iR4uVsVWPfqKqaLtmtw,So if your in the mood for authentic hotmexican food.... Just let the waiter know.. Hell guide you to a great choice!,,,
H4ecwTdoO_sjwELf62BjwQ,"Inconsistent service, average food.....I've had better at Chipotle.....Won't be back.",,,
0IOu6FA2x-rcvtXb8Xvheg,Always the same old bad Mexican food.,,,
0IOu6FA2x-rcvtXb8Xvheg,At least this time I did not get the nearly 2 foot piece of hair in my Fajita Burrito.,,,
0IOu6FA2x-rcvtXb8Xvheg,"Why many people I know, including my wife like to go to this place is beyond me.",,,
ysv7Ynllze9TV3GkzF0D3g,"Very good, reasonable priced .",,,
ysv7Ynllze9TV3GkzF0D3g,"The Texas quesadilla with chicken, Steak, shrimp, onion, peppers and cheese was large and very goodThey have Dos Equis on draft!",,,
CwiGJRzxJ0wOfgmA4yCdig,What a surprise!,,,
CwiGJRzxJ0wOfgmA4yCdig,The most amazing Mexican food I have ever tasted and I am a foodie.,,,
CwiGJRzxJ0wOfgmA4yCdig,My husband and I ordered the table side guac.,,,
CwiGJRzxJ0wOfgmA4yCdig,Delicious!,,,
CwiGJRzxJ0wOfgmA4yCdig,Texas margaritas.,,,
CwiGJRzxJ0wOfgmA4yCdig,Delicious!,,,
CwiGJRzxJ0wOfgmA4yCdig,Seafood burritos with fresh cilantro!,,,
CwiGJRzxJ0wOfgmA4yCdig,I will be salivating for them soon!,,,
CwiGJRzxJ0wOfgmA4yCdig,All of the food was so fresh!,,,
CwiGJRzxJ0wOfgmA4yCdig,You must try this place.,,,
CwiGJRzxJ0wOfgmA4yCdig,We will try the Green Road location next as it is closer to our home.,,,
DmVaJHiNO21faYMc74YegQ,Amazingly good Mexican food but they rip you off EVERY time.,,,
DmVaJHiNO21faYMc74YegQ,They scratch your order on a piece of paper with no descriptions and prices never add up.,,,
DmVaJHiNO21faYMc74YegQ,Its ALWAYS more.,,,
DmVaJHiNO21faYMc74YegQ,We have checked this several tines and wrote down everything we ordered and the prices on the menu and its been 20-30% higher consistently every time.,,,
DmVaJHiNO21faYMc74YegQ,Its too bad they scam their customers like this because the food really is awesome.,,,
DmVaJHiNO21faYMc74YegQ,Write down everything you order and be prepared to question your bill.,,,
Oj67TGc1ZBWYzzZi-7dIkQ,"The service was ok, the salsa flavorful, and the food pretty good.",,,
Oj67TGc1ZBWYzzZi-7dIkQ,"They only serve pre mixed margaritas,  which is no bueno.",,,
Oj67TGc1ZBWYzzZi-7dIkQ,"I ordered the burrito fajita and it was great, but the kids nachos were bland and rubbery.",,,
UR_LseKj5wZjLo-tCwwMIg,We came here for the first time to celebrate my birthday.,,,
UR_LseKj5wZjLo-tCwwMIg,"We ate a ton of fresh chips in advance of the meal, the salsa was pretty mild.",,,
UR_LseKj5wZjLo-tCwwMIg,"I had the Chori pollo, which is a burrito with chorizo and chicken with rice.",,,
UR_LseKj5wZjLo-tCwwMIg,"Man, it was amazing.",,,
UR_LseKj5wZjLo-tCwwMIg,"Hot and spicy with peppers, I took some of the huge portion home and ate it the next day.",,,
UR_LseKj5wZjLo-tCwwMIg,"The service was seriously, amazingly fast for a group of 4, and they kept our drinks regularly filled.",,,
5DOAfsOxp0zfhMjR2PdFgw,Yum!!!,,,
5DOAfsOxp0zfhMjR2PdFgw,I love this place!,,,
5DOAfsOxp0zfhMjR2PdFgw,Come almost every Friday.,,,
5DOAfsOxp0zfhMjR2PdFgw,"Try the Chicken Chili Verde, my first favorite dish.",,,
5DOAfsOxp0zfhMjR2PdFgw,"My new favorite, Burrito Chipotle!!!!",,,
5DOAfsOxp0zfhMjR2PdFgw,So delicious!,,,
5DOAfsOxp0zfhMjR2PdFgw,Don't forget the margaritas!!,,,
5DOAfsOxp0zfhMjR2PdFgw,:),,,
SsVEwBJDgATGEtZSRhNCGw,We've eaten here 2-3 times a month for the last few years.,,,
SsVEwBJDgATGEtZSRhNCGw,It's my absolute favorite Mexican restaurant in the area.,,,
SsVEwBJDgATGEtZSRhNCGw,I've never had a meal I didn't like!,,,
SsVEwBJDgATGEtZSRhNCGw,"The menu is so huge and full of options, even your pickiest eaters should be able to find something they can enjoy.",,,
SsVEwBJDgATGEtZSRhNCGw,"I love how quickly the meals come out, which is especially nice when you're on your lunch hour.",,,
SsVEwBJDgATGEtZSRhNCGw,"The portions are always great, and the staff treats us like family each time we stop in!",,,